"01c4394","8678281 8676629"
"04c4294","8713056"
"1","8686933 8701339 8713056 8673712 8664175 8686311"
"10","4615248 8716368 8711664"
"10000","8686311"
"1130amsaturday","8701339"
"12","8678281 8685680 8690388 8677690 8676629"
"13","8707272 8697401"
"13c6305","8711118"
"15","8711664"
"150","8673356"
"15064","8690388"
"1804","8716368"
"1973","8673356"
"2","8713305 8716368 8678007 8688686 8676629"
"2001","8697401"
"2011","8673712"
"20c0358","8712340"
"25","8677690"
"2700","8713056"
"3","4623933 8712340 8675002 8716368 8683194 8690388 8697400 8678007 8673712"
"3000","8697401"
"3300","8697401"
"3535","8678281"
"365","8683194 8697401"
"4","8686983 8686830"
"400","8712340"
"5","8673356 8713305 8715308 8712340 8690388 8678007 8688686"
"530pm","8712340 8713056"
"55","8686933 8701339"
"6","8673356"
"60","8712340"
"65","8678281"
"6598980874","8713670"
"6709","8678281"
"6k","8712340"
"7","8678007"
"730am","8701339"
"730am430pm","8701339"
"7900","8673712"
"8","8715308"
"80","8673356"
"830am","8712340 8713056"
"91381896","8676629"
"91c2918","8713670"
"a","8673356 8713670 8678281 8713305 8710271 4623933 8715308 4615248 8686983 8686830 8714545 8701339 8712340 8673492 8675002 8716368 8706187 8685680 8707272 8683194 8690388 8713056 8677690 8713888 8678007 8711664 8688686 8676629 8673712 8664175 8711118 8686311 8697401"
"aaalac","8686830"
"ability","8673356 8713305 4623933 8686830 8712340 8716368 8707272 8713888 8711664 8688686 8676629 8673712 8686311"
"able","8673356 8710271 4623933 8715308 8686933 8682330 8701339 8712340 8675002 8706187 8685680 8683194 8690388 8713056 8713888 8678007 8711664 8664175 8706548 8697401"
"about","8673356 4623933 8673712 8686311"
"above","8678281 8701339 8712340 8673492 8707272 8677690 8711118"
"abreast","8673356"
"acceptable","4623933"
"access","8686311"
"accessing","8707272"
"accomplishing","8706548"
"accordance","8673356 8710271 8707272 8678007 8676629"
"according","8673356 8678281 8687191"
"accordingly","8710271"
"account","4615248 8673712 8686311 8697401"
"accountabilities","8683194"
"accountable","8711664 8673712"
"accounts","8683194 8673712 8686311"
"accreditation","8686830"
"accurate","8707272"
"accurately","8710271"
"accustomed","8678007"
"achieve","8688686"
"achieving","8714545 8690388 8706548"
"acquisition","4615248"
"acquisitionclient","4615248"
"across","8673356 8673712 8686311"
"actions","8673356 8686983 8677690 8711664"
"active","8673712"
"activities","8713670 8710271 4623933 8686983 8686830 8682330 8707272 8676629 8664175 8711118"
"activity","8673712"
"actual","4623933 8675002"
"actuators","8715308"
"ad","8683194 8676629"
"adapt","8711664"
"adaptability","8713670"
"add","8697401"
"added","4623933 8715308 8713888 8686311"
"additional","4623933 8673492"
"address","8678281 8701339 8676629"
"adequate","8690388"
"adhere","8673356"
"adhering","8685680 8687191"
"adhoc","8673356 8708539 8685680 8673644 8678007 8686311"
"admin","8664175"
"administer","8673356"
"administration","8713670 8712340 8683194 8673712"
"administrative","8685680 8697400 8676629 8664175"
"adopting","8690388"
"adult","8713305"
"advanced","8711664"
"advancedhighergraduate","8716368"
"advantage","4623933 8715308 8682330 8716368 8713888 8711118 8686311 8706548 8697401"
"advantaged","8715308"
"advantageous","8678007 8688686 8673712"
"advertised","8678281 8711118"
"advisory","8686830"
"aetechnician","8677690"
"affiliates","8676629"
"aftersales","8687191"
"age","8690388"
"agencies","8707272"
"agents","8713056"
"agile","8712340"
"agreed","8678007 8676629"
"agreement","8706187"
"agv","8712340"
"aid","8686933"
"aiming","8713888"
"alarms","8677690"
"aligned","8711664"
"all","8673356 8713670 4623933 8682330 8675002 8685680 8707272 8690388 8687191 8713056 8697400 8677690 8711664 8673712 8686311 8697401"
"allocate","8687191"
"allowance","8712340"
"also","8673356 8686830 8712340 8716368 8690388 8688686 8697401"
"alternate","8701339"
"alternatively","8678281 8712340"
"although","8690388"
"altium","8715308"
"ambience","8673356"
"amended","8673492"
"american","8686830"
"amongst","8690388"
"ample","8686311"
"amsterdam","8697401"
"an","8678281 8708539 4623933 8715308 4615248 8682330 8714545 8701339 8716368 8690388 8687191 8677690 8713888 8711664 8688686 8676629 8673712 8711118 8686311 8706548 8697401"
"analyse","4623933"
"analysis","4623933 8715308 8686983 8677690 8713888 8678007 8688686"
"analytical","8686983 8690388 8678007"
"analyze","8706187"
"analyzing","8690388"
"and","8673356 8713670 8678281 8713305 8710271 8708539 4623933 8715308 4615248 8686983 8686830 8686933 8682330 8714545 8701339 8712340 8673492 8675002 8716368 8706187 8685680 8707272 8683194 8690388 8687191 8713056 8697400 8673644 8677690 8713888 8678007 8711664 8688686 8676629 8673712 8664175 8711118 8686311 8706548 8697401"
"andor","8673356 8707272 8690388 8711664 8673712 8664175 8686311"
"animal","8673356 8686830"
"animals","8673356"
"annual","8686983 8677690 8678007 8676629"
"another","8707272 8706548"
"anticipated","8673356"
"antigen","8685680"
"any","8673356 8708539 4623933 8686983 8686830 8701339 8675002 8690388 8687191 8713056 8673644 8678007 8664175 8686311"
"apis","8716368"
"app","8716368"
"applicant","8687191"
"applicants","8713670 8686983 8713056 8697401"
"application","8716368 8683194 8688686 8676629"
"applications","8686830 8714545 8716368 8707272 8688686 8676629"
"applied","8713888 8711118"
"apply","8713670 8678281 8713305 8715308 8686983 8701339 8712340 8685680 8713056 8711118 8686311"
"applying","8685680"
"appraisals","8690388"
"appropriate","8714545 8687191"
"are","8673356 8713670 8678281 8713305 8710271 4623933 8715308 4615248 8686830 8682330 8714545 8673492 8675002 8716368 8685680 8707272 8690388 8687191 8713056 8677690 8711664 8688686 8676629 8673712 8686311 8706548 8697401"
"area","8714545 8701339 8690388 8697401"
"areas","8713305 8706187 8707272 8690388 8711664"
"arrange","8701339"
"arranging","8701339 8664175"
"arrivals","8678007"
"arriving","8701339"
"art","8685680 8697401"
"articulate","8711664"
"as","8673356 8713670 8713305 8710271 8708539 4623933 8715308 8686983 8686933 8701339 8706187 8685680 8707272 8683194 8687191 8697400 8713888 8678007 8711664 8688686 8676629 8673712 8664175 8686311 8706548 8697401"
"asean","8673712"
"asia","8673356 8673712"
"asm","8690388"
"aspects","8685680 8673712"
"aspirations","8686311"
"aspiring","8677690"
"aspnet","8688686"
"assertive","8711664"
"assessment","8713670"
"asset","8683194 8711664 8673712"
"assign","8673356"
"assigned","8673356 8708539 8675002 8685680 8683194 8687191 8673644 8688686 8676629 8673712 8664175 8686311"
"assigning","8690388"
"assignment","8678007"
"assist","8686983 8686933 8673492 8685680 8707272 8683194 8676629"
"assistance","8711118"
"assistant","8686830 8697400 8713888"
"assists","8697400"
"associate","8714545 8713888"
"associates","8713888 8664175"
"association","8713305 8686830"
"assurance","8714545"
"astar","8673492"
"at","8673356 8678281 8713305 4623933 8715308 4615248 8686933 8714545 8712340 8675002 8716368 8707272 8683194 8690388 8697400 8677690 8678007 8711664 8676629 8673712 8686311 8697401"
"attend","8673356 8682330 8713056 8697400 8664175 8706548"
"attending","8673356"
"attention","8686933 8676629 8673712"
"attitude","8682330 8686311"
"attn","8678281"
"audit","8673356 8710271 8707272"
"auditing","8711664"
"authentic","4623933"
"automation","8712340"
"automotive","8715308"
"autonomous","8714545"
"autonomy","8677690"
"av","8714545"
"ava","8673356"
"availability","8685680 8678007 8711664"
"available","4623933 8685680 8713888"
"avenue","8686933"
"aviation","8690388"
"avs","8686830"
"awareness","8713305"
"aws","8713056"
"b2b","4615248"
"bachelor","8713888 8711664 8673712"
"bachelors","4623933 8716368 8677690 8678007"
"background","8673492 8675002 8690388"
"backgroundopen","4615248"
"backup","8683194"
"bags","8706548"
"baker","4623933"
"balance","4623933"
"bank","8686311"
"banker","8678007"
"banking","8673712 8686311"
"bankingin","8673356"
"banks","8686311"
"barge","8678007"
"base","8697401"
"based","4623933 8673492 8706187"
"baseline","4623933"
"bashpython","8712340"
"basic","8686830 8712340 8713056 8677690"
"basis","8673712"
"batch","4623933"
"bd","8673712"
"bde","8673712"
"be","8673356 8713670 8678281 8713305 4623933 8715308 8686983 8686830 8714545 8712340 8673492 8675002 8716368 8685680 8707272 8690388 8687191 8713056 8677690 8713888 8711664 8688686 8676629 8673712 8711118 8686311 8706548 8697401"
"because","8690388 8673712"
"become","8713670"
"been","8690388"
"beginning","8673712"
"behind","8677690"
"beliefs","8690388"
"below","8685680 8711118"
"benefit","8712340 8690388"
"benefits","4623933 8677690 8697401"
"benoi","8712340"
"best","8713670 4623933 8711664"
"better","4623933 8678007 8673712 8686311"
"between","8675002 8690388"
"beyond","8712340"
"bilingual","8713305"
"biomass","8713888"
"bioscience","8713888"
"bl","8682330 8713056"
"bmc","8673712"
"bms","8675002"
"board","8686983 8707272 8686311"
"booking","8682330 8678007"
"bos","8675002"
"boston","8697401"
"both","4623933 8715308 8713056"
"boundaries","4623933"
"branding","8673356"
"breakdown","8713670"
"breitling","8687191"
"bring","4623933 8711664 8697401"
"broad","8673712"
"broader","8673712"
"brought","8690388"
"bti","8676629"
"budgeting","8715308 8676629"
"build","8711664 8673712"
"builder","8713670"
"building","8713670 8675002 8711664 8673712"
"built","8711664"
"bus","8715308"
"business","8673356 8713670 4623933 4615248 8686983 8706187 8683194 8690388 8678007 8711664 8688686 8676629 8673712 8664175 8686311 8697401"
"businessworkflow","8716368"
"but","4623933"
"button","8686983 8712340 8685680 8711118"
"by","8713670 8701339 8712340 8675002 8706187 8685680 8707272 8683194 8690388 8687191 8678007 8676629 8711118 8686311 8706548"
"c","8714545"
"calling","8701339"
"calls","8664175"
"campaigns","8673712"
"can","4623933 8715308 4615248 8714545 8677690 8697401"
"candidate","8713305 8712340 8713056 8678007 8711118"
"candidates","8713670 8678281 8715308 8686983 8714545 8712340 8673492 8716368 8685680 8683194 8713056 8713888 8676629 8711118"
"capabilities","4623933 8715308"
"capability","8690388 8711664"
"capacity","4623933 8686933 8711664"
"capital","8690388 8673712"
"car","8712340"
"care","8673356 4623933 8686830 8711118"
"career","8707272 8687191 8677690 8673712 8686311"
"cargo","8713056"
"cargoes","8682330"
"carla","8714545"
"carrier","8678007"
"carriers","8678007"
"carry","8673356 8715308 8687191 8678007"
"case","8678007"
"cases","8687191 8677690 8678007"
"cashier","8697400"
"casual","8677690"
"cause","8715308"
"ccs","8688686"
"cctv","8675002"
"cdmo","8711664"
"central","8673712"
"centre","8673356 8713305 8686830 8675002 8711118"
"century","4623933"
"certificate","8685680 8711118"
"certified","8710271 8685680"
"chain","8673356 4623933 8685680 8711664 8697401"
"chainmaterials","8711664"
"challenges","8713670 8713305 8690388 8678007 8686311"
"challenging","8678007"
"change","4623933 8690388 8686311"
"changes","8711664"
"changing","8711664"
"channels","8686311"
"characterization","8713888"
"check","8686933 8675002 8713056"
"checking","8683194"
"checks","8673356 8686933 8701339"
"chemical","4623933"
"china","8711664 8673712"
"chinese","8707272"
"circle","8686311"
"civil","8713888"
"claims","8713670 8676629"
"classic","8714545"
"classification","8714545"
"clean","8716368 8690388"
"cleaning","8708539 8686933"
"clear","8716368"
"clearance","8682330 8678007"
"clementi","8710271"
"click","8678281 8713056 8711118"
"clicking","8685680"
"client","8713670 8713056 8711664 8673712 8711118"
"clients","8678281 8675002 8690388 8673712 8706548"
"clinic","8707272"
"clinical","8707272"
"close","8678281 8686311"
"closely","8686983 8712340 8706187 8690388"
"closure","8712340 8678007 8686311"
"cluster","8673356 8673492"
"cms","8683194"
"cnet","8688686"
"coach","8673356"
"coaching","8673356"
"code","8678281 8716368 8677690 8688686 8676629"
"cohesive","8715308"
"collaborate","8714545 8678007 8711664 8688686 8697401"
"collaborated","8678007"
"collaborating","8712340 8690388"
"collaboration","8711664 8697401"
"collaborative","8697401"
"colleagues","8697400"
"collect","8711118"
"collection","8685680 8676629 8664175"
"coloaders","8713056"
"come","8690388"
"comfortable","8685680"
"command","8673492 8675002"
"commercial","8715308 8678007 8664175"
"commission","8713888 8697401"
"commissioning","8712340"
"commitment","8677690 8697401"
"committed","8677690 8686311"
"committee","8686830"
"communicate","8686983 8713888"
"communicated","8690388"
"communication","8673356 8678281 8713305 4623933 8715308 8686983 8712340 8675002 8716368 8707272 8690388 8676629 8673712 8697401"
"communications","8706187 8673712"
"communities","8673712"
"community","8713305 8713888 8686311"
"companies","8678007"
"company","8673356 8678281 8687191 8713056 8677690 8678007 8697401"
"comparison","8713670"
"competencies","8711664"
"competency","8673492"
"competent","8686983"
"competitions","8673492"
"competitive","8697401"
"complaints","8673356"
"complete","4623933 8707272 8686311"
"completed","8687191"
"completion","8715308 8690388"
"complex","8711664"
"compliance","8673356 8710271 8686830 8686933"
"compliant","8707272"
"component","8714545"
"components","8708539 8715308 8714545 8687191 8697401"
"comprehension","8687191"
"comprehensive","4623933 8677690 8686311"
"computational","8673492"
"compute","8673492"
"computer","4623933 8714545 8712340 8716368 8685680 8688686 8697401"
"computertelecommunication","8716368"
"concept","8716368 8697401"
"conception","8715308"
"conclusions","8673712"
"conduct","8673356 8713305 8686983 8685680 8707272 8677690 8688686 8711118"
"conducted","8710271 8707272 8678007"
"conducting","8710271 4623933"
"conferences","8673356"
"confidence","8673712"
"confident","8673712"
"confidential","8678281"
"configure","8675002"
"confirm","4623933"
"confirmation","8682330"
"conflict","8673356 4623933 8711664"
"conflicting","8673712"
"conform","8690388"
"connected","8677690"
"connection","8676629 8711118"
"connections","8697401"
"conscious","8713305"
"consensus","8711664"
"consent","8676629"
"consented","8676629 8711118"
"considered","8707272 8713888"
"consist","8712340"
"consistency","8673356 4623933"
"consistently","8706548"
"consolidation","8701339"
"constrain","4623933"
"constraints","8713888"
"construct","8673712"
"construction","8713670 4623933"
"consultants","8713670"
"consulting","8676629"
"consume","8716368"
"consumption","8715308"
"contact","8678281 8676629 8673712"
"contacted","8713670"
"container","8673644"
"containers","8713056 8678007"
"containertanks","8673644"
"contemporary","4623933"
"contingencies","4623933"
"continue","8713670 8690388"
"continuous","8673356 8710271 8690388 8678007 8711664"
"continuously","8690388 8697401"
"contract","8686830 8685680 8676629"
"contractors","8713670 8701339"
"contracts","8713670"
"contribute","8714545 8690388 8687191 8706548"
"contribution","8673356"
"control","8685680 8687191"
"controller","8714545"
"controls","8711664"
"conversion","8715308"
"convert","8673492 8711664"
"coordinate","8710271 8673492 8713056 8673644 8678007 8711664 8673712"
"coordinating","4623933 8701339"
"coordination","8673356 8682330 8706187 8683194 8678007 8673712"
"copy","8678281 8676629"
"core","8686830"
"corners","8697401"
"corpnhgcomsgcareers","8707272"
"corporate","8673356 8713305 8686983 8686311"
"correct","4623933 8687191"
"corrective","8677690"
"correctly","8713056"
"corresponding","8713056"
"cost","8713670 8678007"
"costs","8713670 8711664"
"counselling","8713305"
"counsellor","8713305"
"counting","8710271"
"countries","8673356"
"country","8711664"
"counts","8710271 8706548"
"courier","8664175"
"course","8710271"
"courteous","8673356"
"cover","8713670"
"covering","8711664"
"cpu","8673492"
"create","8673356 8713305 8715308 8690388 8677690 8678007 8688686"
"creating","8690388"
"creation","8711664"
"creations","8677690"
"creative","8690388 8697401"
"creativity","8677690"
"crisis","8713305"
"criteria","8673492"
"critical","8683194 8673712"
"crm","8673712"
"cross","8690388 8678007"
"crossfunctional","8711664"
"crossplatform","8716368"
"crowns","8687191"
"csp","8673712"
"cultivation","8713888"
"cultural","8690388"
"culture","8690388 8677690 8686311"
"current","8685680 8690388 8697401"
"currently","8673356 8713670 8690388"
"curriculum","8676629"
"customer","8673356 4623933 8701339 8712340 8713056 8697400 8706548 8697401"
"customercentric","8712340"
"customers","8673356 8715308 8682330 8701339 8712340 8687191 8686311 8706548 8697401"
"customs","8682330 8678007"
"cut","8682330"
"cv","8713670 8676629"
"cyberphysical","8714545"
"cycle","8710271 8688686 8673712"
"cyclical","8676629"
"daily","8673356 8675002 8683194 8678007 8688686 8706548"
"damage","8701339"
"damaged","8673644"
"data","8715308 8686983 8707272 8683194 8678007 8711664 8688686 8676629 8673712"
"database","8686311"
"databases","8716368"
"date","8716368 8685680 8707272 8711664 8697401"
"day","8712340 8690388"
"days","8701339 8712340"
"daytoday","8673356 8688686"
"ddc","8675002"
"deadlines","8673356 4623933 8676629 8686311"
"dealing","8686311"
"deals","8678281"
"debug","8716368"
"decades","8697401"
"decasing","8687191"
"decisionmaking","8673712"
"decisions","8688686"
"declaration","8682330"
"declarations","8682330"
"dedicated","8673712 8697401"
"dedication","8677690"
"deemed","8676629 8711118"
"deep","8673356 8697401"
"defect","8677690"
"defectivity","8677690"
"define","8711664"
"degree","4623933 8686983 8714545 8673492 8716368 8707272 8683194 8677690 8713888 8678007 8711664 8688686 8676629 8673712"
"deliver","4623933 8690388 8678007 8711664 8673712"
"delivering","8690388 8711664"
"delivery","8682330 8701339 8678007 8711664 8706548"
"deliveryselfcollectionchange","8701339"
"demand","4623933"
"demands","8690388 8673712"
"demonstrate","8690388"
"demonstrated","8711664"
"dental","8677690 8697401"
"department","8686830 8706187 8711664 8664175"
"dependable","8690388"
"deprtments","8673356"
"derive","8686983"
"derived","8713888"
"deriving","8673712"
"description","8673356 4623933 8715308 8686830 8706187 8685680 8678007 8686311 8706548"
"design","8715308 8714545 8716368 8688686"
"designed","8714545"
"designer","8706548"
"designing","8673492"
"designs","8715308"
"desirable","8711664 8673712"
"desktop","8708539"
"desktops","8708539"
"despatcher","8701339"
"detail","8673712"
"detailed","8673356 8713670 8686983 8676629 8697401"
"details","8686933 8675002 8677690"
"detected","8686933"
"detecting","8714545"
"detection","8714545"
"determine","8677690"
"determined","8687191"
"develop","4623933 8714545 8716368 8706187 8677690 8711664 8673712"
"developed","4623933 8714545"
"developing","8690388"
"development","8673356 8713305 4615248 8686983 8716368 8677690 8711664 8688686 8673712 8686311"
"developmental","8713305"
"developmentminimum","4615248"
"developments","8686983"
"device","8712340 8683194"
"dg","8678007"
"dial","8687191"
"dialects","8707272"
"difference","8686311"
"differences","8690388"
"different","4623933 8683194 8688686 8686311"
"differentiated","8673712"
"digital","4623933 8688686"
"diligence","8678007"
"diligently","8690388"
"diploma","8710271 4623933 8686830 8712340 8675002 8716368 8706187 8707272 8683194 8713056"
"diplomadegree","8713670 8686311"
"direct","8673356 8697401"
"directed","8707272"
"director","8711664"
"disability","4623933"
"disciplinary","8673356"
"discipline","8713670 8708539 4623933 8686830 8707272 8690388 8713056 8678007"
"disciplines","8713305 8686983 8675002 8676629"
"disclose","8711118"
"disclosure","8676629"
"discrepancies","8713056"
"discretion","8678007"
"discuss","4623933"
"discussion","8678281 8715308"
"discussions","8697401"
"disk","8708539"
"dismantling","8687191"
"dispatching","8664175"
"dispensing","8710271"
"dispensingmedication","8710271"
"displays","8706548"
"disposition","8677690"
"disruptions","8697401"
"disseminate","8673712"
"distance","8697401"
"distribute","8673712"
"distribution","8710271 8697400 8711664 8664175"
"distributor","8697401"
"diverse","8690388"
"diversity","8690388 8677690"
"dns","8712340"
"do","4623933 8697401"
"documentation","8713670 8707272 8687191 8713056 8678007 8688686 8686311"
"documentations","8713888"
"documents","8707272 8664175"
"doing","8690388 8673712"
"domain","8683194"
"done","8673356 8713056 8678007"
"dress","8677690"
"drive","8673356 8712340 8707272 8690388 8677690 8678007 8711664 8688686"
"driven","8690388 8711664 8706548 8697401"
"driver","8673644"
"drives","8708539"
"drop","8678007 8676629"
"drug","8697400 8711664"
"drugs","8710271"
"drupal","8683194"
"duckietown","8714545"
"due","8678007"
"duration","8676629"
"during","4623933 8678007"
"duties","8673356 8710271 8686830 8707272 8683194 8687191 8697400 8673644 8688686 8664175"
"duty","8673356"
"dynamic","8690388 8713056 8678007 8706548"
"ea","8713670 8678281 8713056 8676629 8711118"
"each","4623933 8690388 8677690"
"earned","8713670"
"earning","8697401"
"earnings","8697401"
"ebanking","8686311"
"economics","8686983"
"educate","8673356"
"ee","8712340"
"effective","8675002 8716368 8711664 8697401"
"effectively","8678281 8690388 8713888 8711664 8688686 8673712"
"effects","8711118"
"efficiency","4623933 8706187 8678007"
"efficient","8710271"
"efficiently","8714545"
"effort","8706548"
"eg","8715308 8707272 8676629 8673712"
"elected","4623933"
"electrical","8715308"
"electricalelectronics","8715308"
"electrification","8688686"
"electronic","8697401"
"electronics","8715308"
"elements","8715308"
"eligibility","8673492"
"email","8713670 8678281 4615248 8701339 8712340 8683194 8713056 8676629 8697401"
"embark","8688686 8686311"
"embedded","8714545"
"embrace","4623933"
"emerging","8697401"
"employee","8673356"
"employees","8673356 8690388 8676629 8686311"
"employer","8690388"
"empowering","8677690"
"enable","8697401"
"enabled","8714545"
"enables","8690388"
"encountered","8714545"
"end","8688686"
"enduser","8683194 8688686"
"energetic","8701339 8706548"
"energy","4623933"
"engaged","8713305 4623933"
"engagement","8686983"
"engagements","8673712"
"engineering","4623933 8715308 8714545 8712340 8716368 8677690 8713888"
"engineeringthe","8713888"
"engineers","8712340"
"english","8697400 8711664 8673712 8664175 8706548"
"enhance","8706187"
"enhanced","8677690"
"enjoy","4623933"
"ensure","8673356 8713670 8678281 8710271 4623933 8686830 8686933 8682330 8673492 8675002 8707272 8690388 8687191 8713056 8713888 8678007 8711664 8706548 8697401"
"ensures","4623933 8711664"
"ensuring","4623933 8686830 8707272 8673712"
"enterprise","8716368"
"entire","8716368"
"entry","8707272 8686311"
"environment","8673356 8686983 8701339 8712340 8673492 8716368 8690388 8713056 8677690 8713888 8678007 8711664 8686311 8706548 8697401"
"environmental","8713888"
"epersonnel","8676629"
"eplan","8715308"
"eqstrong","8713305"
"equal","8690388"
"equipment","8673356 8686830 8686933 8690388 8677690 8713888 8711118"
"equivalent","8710271 8715308 8716368 8711118"
"erd","8688686"
"erp","8697401"
"essential","8713305 8682330 8716368 8673712"
"establish","8673356 4623933 8711664"
"established","8677690 8697401"
"establishing","4623933"
"establishment","8711664"
"estates","8675002"
"estimate","8715308"
"estimates","8713670"
"etc","8673492 8675002 8707272 8683194 8678007 8711664 8676629 8697401"
"ethernet","8715308"
"ethnicity","8690388"
"evaluate","8688686"
"evaluation","8677690"
"events","8673712"
"every","8686311"
"everyone","4623933 8690388 8677690"
"example","8714545 8678007"
"exceed","8706548"
"excel","4623933 8686983 8711664 8673712 8664175"
"excellence","8690388 8711664 8697401"
"excellent","8673356 8713305 8708539 4623933 8707272 8690388 8673712 8697401"
"exceptional","8673712"
"excess","8711664"
"exchange","8683194 8687191"
"excites","8686311"
"exciting","8690388 8688686 8686311"
"execute","8713888 8673712"
"executed","8678281"
"execution","8707272"
"executive","8688686 8676629 8697401"
"executiveboard","8711664"
"executiveexecutive","8686983"
"executives","8673712"
"exercise","8673356 8678007 8676629"
"exhaustive","8673492"
"existing","8678281 8706187 8688686 8697401"
"exit","8676629"
"expanding","8713670 8697401"
"expect","4623933"
"expectations","8688686"
"expected","8713305 8686983 8685680 8697400"
"expedite","8711664"
"experience","8673356 8678281 8713305 8710271 4623933 8715308 4615248 8686983 8686830 8682330 8714545 8701339 8712340 8675002 8716368 8706187 8685680 8707272 8683194 8690388 8713056 8677690 8713888 8678007 8688686 8673712 8664175 8711118 8686311 8706548 8697401"
"experienced","8686933"
"experiences","8711664"
"experimental","8686830"
"expertise","8712340 8697401"
"experts","8711664"
"explore","8714545"
"exploring","8673492 8690388"
"export","8673644 8678007"
"exposure","8688686"
"external","8701339 8707272 8673712"
"extraction","8673712"
"ey","8673712"
"facilitate","8686983 8686830"
"facilitating","8707272 8673712"
"facilitation","8673712"
"facilities","8673356 8686830 8686933"
"facilitiesbank","8686311"
"facility","8673356 8675002 8713888 8711664"
"factsnumbers","8678007"
"failsafe","8714545"
"failures","8715308 8677690"
"fairprice","8686311"
"familiar","8685680"
"families","8713305"
"family","8713305"
"fast","8701339"
"fastpaced","8673356 8712340 8716368 8707272 8713056 8678007 8697401"
"fault","8708539"
"faults","8675002"
"feedback","8673356"
"field","4623933 8715308 8686983 8712340 8673492 8683194"
"fields","8714545 8713888 8711664 8688686"
"files","8707272 8676629"
"filling","8711664"
"filter","8664175"
"finance","8686983"
"financial","8673356 4623933 8673712"
"find","8678281"
"finding","8697401"
"finished","4623933"
"firewall","8683194"
"firewalls","8712340"
"first","8690388 8677690 8673712"
"fisher","8711664"
"flexibility","8713670"
"flexible","4623933 8711664"
"fmeas","8715308"
"focus","8714545 8712340 8673712"
"focused","8697401"
"focusing","8673712"
"follow","8678281 8707272 8683194 8687191 8676629"
"following","8710271 4623933 8711664"
"followthrough","8686983"
"footprint","8697401"
"for","8673356 8713670 8678281 8713305 8708539 4623933 4615248 8686983 8686830 8682330 8714545 8701339 8712340 8673492 8675002 8706187 8685680 8707272 8690388 8687191 8713056 8677690 8713888 8678007 8711664 8688686 8676629 8673712 8711118 8686311 8697401"
"force","8677690"
"forces","8677690"
"forecast","4623933"
"forefront","8686311"
"form","8673644 8688686"
"formal","8714545 8673712"
"format","8712340"
"forms","8713888"
"formulating","8715308"
"fortinet","8683194"
"forward","4623933 8715308 8690388 8713056 8678007"
"forwarders","8678007"
"forwarding","8713056"
"foster","8711664"
"fosters","8690388"
"founded","8673356"
"four","8673712"
"fpga","8673492"
"francisco","8697401"
"free","8677690"
"freight","8713056 8678007"
"frequently","8678281"
"fri","8713056"
"friday","8701339"
"from","8713670 8713305 8708539 8715308 4615248 8686983 8701339 8673492 8675002 8706187 8707272 8690388 8713056 8673644 8713888 8678007 8676629 8664175 8711118 8686311 8706548 8697401"
"fs","8673712"
"fsm","8676629"
"fso","8673712"
"fuel","4623933"
"fulfil","8686311"
"full","8686830 8677690 8688686"
"fully","8716368"
"function","4623933 8711664 8673712"
"functional","8716368 8678007 8711664"
"functionalities","8688686"
"functioning","8713888"
"functions","8711664"
"fundamental","8673712"
"further","8686311"
"fusion","8697401"
"future","8690388 8697401"
"gained","8686983"
"gathered","8686983"
"gce","8678281 8686830 8713056"
"gender","8690388"
"general","8664175"
"generate","8664175"
"generating","8664175"
"give","8697401"
"givers","8711118"
"giving","8686311"
"glasses","8687191"
"gleaned","8697401"
"global","8690388 8711664 8673712 8697401"
"globaldivisional","8711664"
"globally","8714545"
"globalregional","8711664"
"gmp","8711664"
"go","8712340"
"goal","8673712"
"goals","8673356 8688686"
"going","4623933"
"good","8678281 4623933 8686983 8682330 8701339 8716368 8706187 8707272 8683194 8690388 8697400 8711664 8676629 8686311 8706548"
"goods","4623933"
"gotomarket","8673712"
"gpu","8673492"
"graduate","8716368"
"graduateprofessional","8673712"
"great","8713670 8697401"
"greater","8673712"
"grievances","8673356"
"group","8673356 8683194 8676629"
"groups","8713305"
"grow","8678007 8686311 8697401"
"growing","8713670 8697401"
"grown","8686311"
"growth","8686311 8697401"
"guadalajara","8697401"
"guarantee","8678007"
"guest","8673356"
"guide","8711118"
"guidelines","8673356 8710271 8686830 8687191"
"guiding","4623933"
"gym","8697401"
"hait","8676629"
"handle","8673356 8686830 8686933 8690388 8678007 8711664 8664175"
"handled","8673356 8682330"
"handles","8686311"
"handling","8708539"
"handovers","8690388"
"hands","8707272 8687191"
"handson","8690388"
"happy","8712340"
"hardware","8708539 8715308 8673492 8683194 8697401"
"hardworking","8713888"
"harness","8715308"
"has","8673356 8673712"
"have","8713670 4623933 8682330 8690388 8677690 8676629 8673712 8711118 8686311 8697401"
"hayk","8678281"
"he","8686983 8697400"
"head","8673356 8713670 8706187 8711664"
"headquarter","8673356"
"headquarters","8697401"
"health","8713305 4623933 8683194"
"healthcare","8707272 8711118"
"healthcarecommunity","8711118"
"heart","4623933"
"heavy","8686933"
"help","8673356 8677690 8697401"
"helping","8678007"
"her","8673356"
"here","8713670 8707272 8678007"
"high","8673356 8713305 4623933 8686933 8714545 8711664 8688686"
"highenergy","8697401"
"higher","8711118"
"highlight","8675002"
"highlighting","8673712"
"highly","8686830 8713888"
"his","8673356"
"historical","4623933"
"hitting","8673356"
"hoc","8676629"
"hod","8707272"
"hold","8677690"
"holder","8686311"
"holding","8673712"
"holidays","8673356 8686830"
"hour","8690388"
"hours","8712340 8713056"
"household","8686311"
"housekeeping","8673356 8686933 8701339 8690388"
"how","4623933 8690388 8713056 8673712"
"however","8673712"
"hpc","8673492"
"hr","8676629"
"hrs","8677690"
"html","8688686"
"httpscpsresearchgroupgithubio","8714545"
"httpswwwcareerspagecomtalenttradergroupjob886w8r","8711118"
"hub","8701339 8686311"
"hughes","4623933"
"human","8676629"
"hungry","8697401"
"husbandry","8673356 8686830"
"id","8676629"
"ideally","8712340"
"ideas","8690388 8673712"
"identify","8686983 8673712"
"ie","8690388 8687191 8678007"
"if","8715308 8707272 8677690 8676629 8686311"
"image","8673356"
"images","8714545"
"immediately","8673356 8685680"
"impede","8711118"
"implement","4623933 8715308 8686983 8714545 8706187 8677690 8711664"
"implementation","8686983 8686830 8714545 8707272 8711664"
"implemented","8711664"
"implementing","8690388"
"import","8673644 8678007"
"important","8673712 8686311"
"importexport","8682330"
"improve","8673356 4623933 8706187 8677690"
"improvement","8710271 8686983 8706187 8690388 8677690 8711664"
"improvements","8706187 8678007"
"improving","8690388"
"in","8673356 8713670 8713305 8710271 8708539 4623933 8715308 4615248 8686983 8686830 8686933 8682330 8714545 8701339 8712340 8673492 8675002 8716368 8706187 8685680 8707272 8683194 8690388 8687191 8713056 8697400 8673644 8677690 8713888 8678007 8711664 8688686 8676629 8673712 8664175 8711118 8686311 8706548 8697401"
"inbound","8713056"
"incidents","8711118"
"include","8673492 8697401"
"includes","8715308 8686933 8673712 8711118"
"including","8713305 8686983 8686830 8706187 8707272 8690388 8687191 8678007 8676629 8673712"
"inclusive","8690388"
"incorporating","8673712"
"independent","8713888 8688686 8686311"
"independently","8716368 8706187 8685680 8683194 8690388 8713888 8678007"
"individual","8690388 8711664 8697401"
"individuals","8713305 8690388 8677690 8697401"
"industrial","4623933"
"industries","8697401"
"industry","8713670 4623933 8715308 8707272 8690388 8713056 8678007 8711664 8664175 8706548 8697401"
"infection","8685680"
"influence","8673712"
"inform","8673644 8676629"
"information","8686933 8688686 8673712 8711118 8686311 8697401"
"infrastructure","8673492"
"inhouse","8701339 8677690"
"initiative","8707272 8673712"
"initiatives","8686983 8686830 8690388 8686311"
"inline","8677690"
"innovation","8690388 8711664 8686311"
"innovations","8690388"
"innovative","4623933 8690388"
"inpatient","8707272"
"input","4623933 8664175"
"inputs","8711118"
"inservice","8676629"
"insight","8690388"
"insights","8686983"
"inspection","8677690"
"inspire","8711664"
"install","8708539 8713888"
"installation","8686933"
"institutional","8707272"
"institutions","8685680"
"instructed","8687191"
"insurance","4623933 8673712 8664175"
"insurances","8677690"
"interact","8686830"
"intercompany","4623933"
"interconnect","8673492"
"interest","8716368"
"interested","8713670 8678281 8686983 8685680 8713056 8711118"
"interesting","8673712"
"interests","8711664"
"internal","8686983 8682330 8701339 8707272 8673712"
"international","8686830 8713056 8677690"
"interpersonal","8713305 8686983 8686830 8706187 8707272 8690388 8676629 8673712 8686311 8706548 8697401"
"interpretation","8673712"
"interventions","8713305"
"into","8715308 8701339 8673492 8675002 8690388 8677690 8711664"
"intrapersonal","8713305"
"introduction","8711664"
"inventions","4623933"
"inventories","8711664"
"inventory","8673356 4623933 8686830 8673644 8711664 8711118 8706548"
"invest","4623933"
"investigation","8677690"
"investigator","8707272"
"investigators","8707272"
"invitations","8673712"
"invited","8685680"
"invites","8714545"
"inviting","8677690"
"invoice","8676629"
"invoices","8676629"
"involved","8713305 8686830 8687191 8677690 8688686"
"is","8673356 8713670 4623933 8686933 8682330 8714545 8712340 8716368 8707272 8690388 8687191 8713056 8697400 8677690 8713888 8678007 8676629 8673712 8664175 8711118 8686311 8697401"
"island","4623933"
"issue","8682330"
"issues","8713305 4623933 8712340 8675002 8683194"
"it","8713670 8708539 4615248 8686933 8706187 8683194 8690388 8678007 8688686 8686311"
"itrelated","8708539"
"its","8673492 8675002"
"jammed","8708539"
"javascript","8688686"
"jewellery","8706548"
"job","8673356 8678281 8710271 4623933 8715308 8686830 8682330 8714545 8712340 8675002 8716368 8706187 8685680 8707272 8690388 8687191 8673644 8713888 8678007 8676629 8664175 8686311 8706548"
"jobstreet","8707272"
"jobstreetcomsg","8707272"
"join","8713670 4623933 8715308 8690388 8688686 8673712 8686311 8697401"
"joo","8686311"
"joomla","8683194"
"journey","8686311"
"judgement","8713888"
"juggle","8673712"
"jun","8713056"
"june","8713056"
"jurong","4623933"
"just","8673712 8686311"
"kaizen","8678007"
"kalmar","8673644"
"ke","8713056"
"keen","8715308"
"keep","8673356 4623933 8712340"
"keeping","8697401"
"key","8713670 4615248 8714545 8690388 8678007 8711664 8673712 8697401"
"kindly","8713670 8676629"
"know","4623933 8676629"
"knowledge","8673356 8713305 4623933 8715308 8686830 8686933 8682330 8712340 8673492 8716368 8685680 8683194 8690388 8677690 8678007 8673712 8697401"
"known","8713670"
"knowyourclient","8686311"
"koon","8686311"
"korea","8673712"
"kpis","8673356 8686983"
"labeling","8710271"
"labor","8711664"
"laboratory","8686830 8713888"
"labscale","8713888"
"land","8682330"
"landscape","8686983"
"language","8690388 8711664 8673712 8706548"
"languages","8707272 8664175"
"laptop","8708539"
"laptops","8708539"
"large","8686830"
"largest","8673356 8673712"
"laser","8708539"
"lasting","8697401"
"lasts","8673712"
"launched","8673712"
"lead","8713305 4623933 8715308 8690388 8687191 8678007"
"leader","4623933"
"leaders","4623933 8690388 8678007 8673712"
"leadership","8711664"
"leading","4623933 8690388 8713056 8711664 8686311"
"leads","8673356 8678281"
"lean","8690388"
"leankaizen","8690388"
"learn","8716368 8678007"
"learner","8688686"
"learners","8713305"
"learning","8673356 8714545 8673712"
"least","8673356 8713305 8712340 8675002 8716368 8707272 8683194 8690388 8678007 8676629"
"leave","8677690"
"legal","8678007 8686311"
"let","8676629"
"letters","8676629"
"level","8673356 8678281 4623933 8715308 8686830 8713056 8697400 8711664 8664175 8711118 8686311"
"levelling","4623933"
"levels","4623933 8711664 8673712 8686311"
"levels1234","8687191"
"leverage","8711664"
"liaise","8713670 8715308 8682330 8707272 8713056 8711664 8673712"
"liaising","8713670 8677690"
"liaison","8686311"
"licence","8713056"
"license","8713670 8678281 8676629 8711118"
"licenses","8678007"
"life","4623933 8673492 8688686"
"lifechanging","8677690"
"lifecycle","4623933 8716368"
"lifetime","8673712"
"like","8708539 8677690 8697401"
"limit","4623933"
"line","8673356 8686933 8673492"
"linux","8712340"
"listening","8711664"
"listing","8664175"
"lists","8686311"
"literacy","8673712"
"live","8677690"
"lives","8686311"
"ll","8673712"
"loading","8713056"
"local","8713305 8707272 8711664 8676629"
"located","8697401"
"location","8710271 8686933 8712340 8713056 8673644 8676629 8686311 8697401"
"locations","8673712 8697401"
"log","8675002"
"logic","8715308"
"logical","8716368"
"logistics","8682330 8707272 8678007"
"logs","8707272"
"long","8673712 8697401"
"look","8673712 8686311"
"looking","4615248 8712340 8688686 8697401"
"losses","8673356"
"lots","8677690"
"love","8690388"
"lovers","8673356"
"loves","8697401"
"low","8688686"
"lsp","8678007"
"ltd","8673356 8712340 8713056 8676629 8706548"
"luxury","8706548"
"mac","8708539"
"machine","8686933 8714545"
"machinery","8686933"
"machines","8686933"
"mail","8664175"
"main","8712340 8687191"
"mainstream","8690388"
"maintain","8686933 8673492 8690388 8711664 8688686 8711118 8686311 8697401"
"maintainable","8716368"
"maintained","8686933"
"maintaining","8712340 8690388"
"maintenance","8673356 8686830 8686933 8683194 8688686 8676629 8711118"
"major","8683194"
"make","8678007 8711664 8688686 8686311"
"making","8697401"
"malay","8707272"
"manage","8673356 8678281 8715308 8675002 8690388 8678007 8711664 8673712"
"managed","4623933 8673712"
"management","8673356 8713305 8710271 4623933 4615248 8686983 8675002 8716368 8683194 8690388 8697400 8678007 8711664 8688686 8676629 8673712"
"managementadministration","8713670"
"managementlogistics","8711664"
"manager","8673356 8686830 8707272 8683194 8690388 8687191 8711118"
"managers","8673712"
"managing","8673356 4623933 8711664 8688686 8697401"
"mandarin","8664175"
"mandate","8686311"
"mandates","8686311"
"manner","8673356 8711118"
"manpower","8707272"
"manual","8706187"
"manufacturing","4623933 8686933 8690388"
"manuscript","8713888"
"manuscripts","8714545"
"many","8673712"
"map","8673712"
"market","8678007 8697401"
"marketing","8673712"
"markets","8673712"
"master","8711664"
"masters","8713305 8714545 8713888"
"mastersdegree","8715308"
"match","8678007"
"material","4623933 8711664"
"materials","4623933 8711664"
"mathematics","8697400"
"matrix","8711664"
"matter","8711664"
"matters","8701339 8707272 8664175 8686311"
"maximize","4623933"
"may","8673356 8713670 8678281 8712340 8673492 8675002 8690388 8677690 8711118"
"me","8712340 8675002"
"meaningful","8686983"
"measure","8706187"
"measures","8685680"
"mechanicalelectrical","8690388"
"medical","4623933 8677690 8676629 8697401"
"medication","8710271 8697400 8711118"
"medicine","8710271 8686830"
"meet","8673356 8686311"
"meeting","8673356 8713670 4623933"
"meetings","8673712"
"member","8673356 8690388 8711664"
"members","8673356"
"mental","8713305"
"mentioned","8707272"
"mentoring","8673356 8673712"
"mentorship","8697401"
"merchandise","8706548"
"merchandising","8673356"
"met","8690388 8687191 8706548"
"methodology","8673712"
"methods","8706187"
"meticulous","8713670 8685680 8676629"
"microsoft","8686983 8686830 8716368 8678007 8711664 8676629"
"midrange","8673712"
"mill","8678007"
"min","8715308 8712340 8683194 8713056 8664175"
"mindset","8712340 8697401"
"minimum","8673356 8686983 8686830 8701339 8706187 8664175 8711118"
"mitigate","8711664"
"ml","8714545"
"mobile","8712340 8716368 8688686"
"models","8673492"
"modify","8675002"
"modularization","8715308"
"moduleqadevice","8677690"
"modules","4623933 8715308"
"mon","8713056"
"monday","8701339"
"monitor","8673356 8686983 8675002 8711118"
"monitoring","8686983 8686933 8683194 8690388"
"month","8690388"
"monthly","8678007 8664175"
"months","8676629"
"more","8690388 8686311"
"moreover","8713670"
"morning","8685680"
"most","8673712"
"motivated","8686830 8682330 8697401"
"move","8690388"
"movement","8687191"
"ms","4623933 8712340 8707272 8688686 8664175 8697401"
"much","4623933 8690388"
"multi","8673356"
"multidisciplinary","8715308 8713888"
"multilingual","8706548"
"multinational","8713056"
"multipurpose","4623933"
"multitask","8682330 8685680 8713056"
"munich","8697401"
"must","8673356 8712340 8685680 8683194 8690388 8678007"
"mystery","8673356"
"n","8686830 8711118"
"naclar","8686830"
"name","8686311"
"national","8686830"
"native","8716368"
"natural","8697401"
"necessary","8675002 8678007"
"need","8701339 8677690 8664175"
"needed","8706548"
"needs","8673356 8697400 8711664 8673712 8664175"
"negotiate","8678281 8697401"
"negotiator","8697401"
"net","4623933 8716368"
"network","8715308 8712340 8673492"
"networking","8715308 8683194"
"networks","8711664"
"new","8678281 4615248 8714545 8673492 8716368 8706187 8707272 8690388 8711664 8688686 8673712 8664175 8686311 8697401"
"next","8713670 8673492 8677690"
"nhg","8707272"
"night","8685680 8690388"
"nitec","4623933 8701339"
"nitecdiploma","8708539"
"no","8713670 8678281 8713056 8676629 8711118 8686311"
"nodejs","8716368"
"not","8673492 8707272 8697401"
"note","8687191"
"notebooks","8708539"
"notes","8697401"
"notice","8673492 8713056 8678007 8706548"
"notified","8678281 8713305 8715308 8686983 8714545 8712340 8673492 8716368 8713056 8713888 8676629 8697401"
"notify","8673356"
"now","8678281 8715308 8686983 8712340 8685680 8713056 8686311"
"nscc","8673492"
"nsman","8676629"
"ntuc","8686311"
"number","8713670"
"nurse","8707272"
"nursing","8707272"
"nutrients","8713888"
"nutritional","8713888"
"o","8678281 8686830 8713056 8697400 8664175"
"object","8714545"
"objectives","8673356"
"objectoriented","8716368"
"obtain","8713670 8706187"
"obtained","8713888"
"ocap","8677690"
"ocean","8678007"
"oceania","8673712"
"oems","8715308"
"of","8673356 8713670 8678281 8713305 8710271 8708539 4623933 8715308 4615248 8686983 8686830 8686933 8682330 8714545 8701339 8712340 8673492 8675002 8716368 8706187 8685680 8707272 8683194 8690388 8687191 8713056 8697400 8673644 8677690 8713888 8678007 8711664 8688686 8676629 8673712 8664175 8711118 8686311 8697401"
"offer","4623933 8677690 8686311 8697401"
"offerings","8673712"
"offers","8678281 8697401"
"office","8673356 8678281 4623933 4615248 8686983 8686830 8707272 8683194 8711664 8676629 8664175 8697401"
"offices","8683194 8713056"
"official","8707272"
"offshore","8673712"
"offsite","8678007"
"oldest","8673356"
"on","8673356 8713670 8678281 8708539 4623933 8715308 8686983 8686933 8682330 8714545 8701339 8673492 8675002 8716368 8706187 8707272 8683194 8690388 8713056 8673644 8677690 8678007 8688686 8673712 8664175 8711118 8686311"
"onboarding","8676629"
"one","8673356 8690388 8697401"
"only","8713670 8678281 8713305 8715308 4615248 8686983 8714545 8701339 8712340 8673492 8716368 8707272 8713056 8713888 8676629 8697401"
"onsite","8712340 8687191 8697401"
"onthejob","8677690"
"ood","8714545"
"open","8677690 8678007 8697401"
"openmind","8690388"
"operate","8686933 8675002 8713888 8673712"
"operating","8710271 8686933 8706187 8690388"
"operation","8701339 8675002 8683194"
"operational","8685680 8711664"
"operations","8673356 8686830 8714545 8712340 8673492 8675002 8706187 8687191 8697400 8678007 8711664 8688686 8673712"
"operator","8686933"
"operators","8690388 8673644"
"opportunities","8686983 8673712 8686311"
"opportunity","8690388 8687191 8673712"
"opticalgr","8677690"
"optimal","8675002"
"optimization","8714545"
"optimize","8716368 8711664"
"options","4623933"
"or","8673356 8713670 8678281 8713305 8710271 4623933 8715308 8686983 8686830 8714545 8712340 8673492 8675002 8716368 8707272 8683194 8690388 8713056 8677690 8713888 8678007 8711664 8688686 8676629 8711118 8686311 8706548"
"oral","8713305 8707272 8713888 8673712"
"order","8678281 4623933 8686933 8690388 8687191 8678007"
"orders","8678281 8710271 8711664"
"organisation","8686983 8688686"
"organise","8686983"
"organised","8686983"
"organization","8673356 8690388 8673712 8686311"
"organizational","8690388 8676629 8673712"
"organize","8713305 8673712"
"organized","8713888"
"orientation","8690388"
"origin","8713056"
"other","8673356 8713305 8708539 4623933 8686983 8686933 8712340 8673492 8675002 8685680 8707272 8683194 8690388 8687191 8673644 8678007 8711664 8688686 8676629 8673712 8664175 8711118 8686311 8697401"
"others","8683194 8690388"
"otif","8678007"
"oup","8677690"
"our","8673356 8713670 8678281 4623933 8715308 4615248 8712340 8690388 8713056 8677690 8688686 8676629 8673712 8686311 8706548 8697401"
"out","8673356 4623933 8715308 8686983 8701339 8687191 8678007 8711664"
"outbound","8713056"
"outgoing","8677690"
"outlet","8673356"
"outlets","8673356"
"outlook","8708539 8686983"
"outofdistribution","8714545"
"output","8686933"
"outram","8713056"
"outreach","8713305"
"outside","8673356 8714545"
"outstanding","8673712 8697401"
"outsystem","8688686"
"over","8673356 4623933 8673712 8686311"
"overall","8673356 8711664"
"overseas","8713056"
"overseeing","4623933"
"oversight","8673712"
"overtime","8701339"
"own","8712340 8690388 8673712"
"owner","8688686"
"owners","8677690"
"pace","8701339"
"pacific","8673712"
"package","4623933"
"packages","8701339"
"packing","8710271 8686933"
"pages","8707272"
"panjang","8676629"
"paper","8713056"
"parameters","8711664"
"pareto","8677690"
"park","8713056"
"parking","8677690"
"part","8706187 8690388"
"participate","8715308 8690388 8678007"
"particularly","8714545"
"parties","8673644 8677690"
"partner","4623933"
"partners","8673712"
"parts","8687191"
"pasir","8676629"
"pass","8697400"
"passion","4623933 8677690"
"passionate","4623933"
"past","8713670 8677690"
"patients","8697400 8711118"
"patterns","4623933"
"payment","8678281"
"pc","8708539"
"pcb","8715308"
"pcbcomponent","8715308"
"pcnetworksystem","8683194"
"pcr","8685680"
"pcs","8708539"
"pei","8676629"
"people","8673356 4623933 8712340 8690388 8713056 8677690 8678007 8673712"
"per","4623933 8678007"
"perfect","8713670"
"perform","8673356 8710271 8686983 8686830 8686933 8701339 8707272 8687191 8697400 8673644 8677690 8688686 8706548"
"performance","8673356 8686983 8714545 8716368 8711664 8688686"
"performed","8714545"
"performing","4623933 8711664"
"periodic","8673356 8686933"
"permit","8682330"
"permits","8678007"
"persistent","8697401"
"persolkelly","8676629"
"personal","8677690 8676629 8711118"
"personality","8673356"
"personnel","8713670 8673492 8690388 8713056"
"perspectives","8690388"
"pertaining","8675002"
"pertinent","8707272"
"pet","8673356"
"pets","8673356"
"pharmabiopharma","8711664"
"pharmaceutical","8710271"
"pharmacists","8697400"
"pharmacy","8710271 8697400"
"pharmbiopharma","8711664"
"phase","8673492 8688686"
"phlebotomy","8707272"
"phone","8664175"
"physical","4623933 8715308 8686933 8711118"
"picking","8710271"
"pilotscale","8713888"
"pioneered","8690388"
"pipeline","8673712"
"plan","8673356 8713305 8710271 4623933 8690388"
"planned","8711664 8711118"
"planner","8711664"
"planning","4623933 8686983 8716368 8707272 8690388 8678007 8711664 8673712"
"plans","4623933 8677690 8711664"
"plant","4623933"
"platform","8714545 8688686"
"platforms","8686983"
"play","8673712"
"player","8713670 8713305 8686983 8701339 8713056 8678007 8688686 8686311"
"players","8673712"
"plays","8673712"
"plc","8715308"
"pleasant","8673356"
"please","8678281 4623933 8715308 8686983 8712340 8707272 8713056 8676629 8711118"
"plus","8714545 8716368 8685680 8713888"
"pm4","8682330"
"point","8673712"
"policies","8673356 8710271 4623933 8686830 8673492 8676629"
"policy","8678281 8683194 8676629"
"polishing","8687191"
"polls","8686983"
"polymerase","8685680"
"portnet","8682330"
"position","8673356 8678281 4623933 8714545 8713888 8711664 8676629 8664175 8711118 8697401"
"positions","8685680"
"positive","8682330 8686311 8706548"
"possess","8673356 8682330 8683194 8678007 8676629"
"possesses","8686311"
"possibilities","8690388"
"possible","8706187"
"post","8716368 8673712"
"postgraduate","8713888"
"postgresql","8716368"
"posting","8707272"
"posttraumatic","8713305"
"potential","8686983 8677690 8697401"
"power","8715308"
"powerpoint","8686983 8711664 8673712"
"practice","8707272 8711664"
"practices","4623933 8707272 8690388"
"pragmatic","8711664"
"preferably","8673356 8713305 8706187 8707272 8677690 8706548"
"preferred","8713305 4623933 8686933 8716368 8706187 8685680 8707272 8713056 8686311"
"premier","8713670 8697401"
"premises","8677690"
"preparation","8673356 8714545 8685680 8713888 8676629"
"prepare","8713670 8678281 8686983 8707272 8713056 8713888"
"prescriptions","8710271"
"present","8713305 8690388 8697401"
"presentation","8715308 8711664 8673712"
"presentations","8678007 8711664"
"presented","8706548"
"pressure","8713888 8711664 8676629"
"prevailing","8673492"
"prevent","8677690"
"price","8678281 8697401"
"primarily","8713888"
"primary","8711118"
"principal","8707272 8687191"
"printers","8708539"
"prior","8715308 8714545 8712340 8716368 8685680 8690388 8687191 8713888"
"prioritize","4623933 8673712"
"privacy","8676629"
"private","4623933"
"proactive","8682330 8678007 8711664 8697401"
"proactively","8711664 8673712 8697401"
"proactiveness","8678007"
"probabilistic","8714545"
"problem","4623933 8714545 8716368 8690388 8677690 8678007"
"problems","8686933 8714545 8712340 8711664"
"problemsolving","8678281"
"procedure","8706187 8688686"
"procedures","8673356 8710271 8686933 8685680 8707272 8690388 8677690 8678007 8711664"
"proceeds","8673356"
"process","4623933 8686983 8686933 8706187 8685680 8687191 8673712 8697401"
"processes","8673356 4623933 8686983 8706187 8707272 8690388 8678007 8711664 8676629"
"processing","8710271 4623933 8686933"
"procurement","8711664 8697401"
"produce","8716368 8713888"
"produces","8686933"
"product","8673356 8678281 8715308 8713888 8688686 8697401"
"production","4623933 8715308 8686933 8690388 8678007 8711664"
"productivity","8687191"
"products","4623933 8686933 8690388 8687191 8711664 8706548"
"professional","4615248 8716368 8673712 8697401"
"professionals","8713305 4615248 8673712 8697401"
"proficiency","8707272 8711664"
"proficient","8714545 8676629 8697401"
"proficiently","8713305"
"profile","4623933"
"programme","8713305"
"programming","8715308 8714545 8673492 8716368 8688686"
"programs","4623933 8713888 8678007 8676629"
"progress","8713670 8686983 8690388"
"progression","8687191"
"project","8713670 8713305 8714545 8683194 8690388 8713888 8688686 8673712"
"projectassignment","8678007"
"projects","8690388 8677690 8688686 8676629 8664175"
"promise","8686311"
"promises","8673712"
"promote","8673356 8687191 8706548"
"prompt","8673356 8678007"
"proof","8685680"
"proper","8673356 8707272"
"properly","8673356 8686933 8687191 8673712"
"properties","8675002"
"property","8675002"
"proposals","8715308"
"propose","4623933 8673712"
"proprietary","8697401"
"prospect","8686311 8706548"
"prospecting","8697401"
"protected","8713670 8678281 4615248 8712340 8713056 8676629"
"proteins","8713888"
"protocol","8707272"
"protocols","8715308 8712340"
"prototypes","8715308"
"proud","8677690"
"proven","8713305 8675002 8697401"
"provide","8673356 8713670 8713305 8686983 8716368 8683194 8713056 8697400 8677690 8678007 8688686 8676629 8664175 8711118 8697401"
"provided","8687191 8711118"
"provides","8690388"
"providing","8708539 8712340"
"provision","8713305 8686830"
"pserv","8676629"
"psg","8711664"
"pss","8710271"
"pte","8673356 8712340 8713056 8676629 8706548"
"public","8673356 8686830"
"purchase","8683194 8711664"
"purchasing","8697401"
"purchasingprocurement","4623933"
"purpose","8710271 8711118"
"purposes","8686983"
"pursuit","8673712"
"push","4623933 8673712"
"pushers","8687191"
"put","8690388 8677690"
"python","8714545"
"qa","8677690"
"qualification","8715308 8712340 8707272 8673712"
"qualifications","8686933 8673492 8683194 8664175 8686311"
"quality","8673356 4623933 8686933 8687191 8713888 8697401"
"quantities","8713670"
"quantity","8713670"
"queries","8664175 8686311"
"quest","8713670"
"questions","8673356"
"quick","8690388 8711664"
"quo","8697401"
"quotations","8713670 8678281"
"r1549906","8712340"
"r1660471","8713056"
"r1879513","8676629"
"r1985956","8711118"
"r1988600","8713670"
"range","8713305 8690388"
"rapid","8685680"
"rapidly","8711664 8697401"
"rate","8673712 8697401"
"rd","8713888"
"re","8697401"
"reach","8697401"
"react","8716368"
"reaction","8685680"
"reactjs","8716368"
"read","8676629"
"readiness","8673356"
"reading","8685680 8711664"
"ready","8713056"
"real","8677690"
"realize","8677690"
"rearranging","8701339"
"reasonable","8687191"
"reasoning","8716368"
"recasing","8687191"
"receive","8673644"
"receiving","8685680"
"recent","8678007"
"recipe","8677690"
"recognize","4623933 8690388 8711664"
"recognized","8675002"
"recommend","4623933 8686983 8688686"
"reconciliation","8710271"
"record","8713305"
"recording","8685680"
"recovery","8713305"
"recreational","8711118"
"recruiter","4623933"
"recruiting","8690388"
"recruitment","8673492 8707272 8690388 8676629"
"rectification","8675002"
"rectify","8708539"
"redis","8716368"
"reducing","8711664"
"reduction","8677690"
"refinishing","8687191"
"reflect","8697401"
"reflected","8675002"
"reflects","4623933"
"reg","8713056 8676629"
"regional","8676629"
"regions","8697401"
"registered","8713305 8707272"
"registration","8713670 8685680 8711118"
"regret","8678281 8715308 8686983 8714545 8712340 8673492 8716368 8707272 8713056 8713888 8676629 8697401"
"regular","8673356 8678281 8710271 8673712 8686311"
"regularly","8673712"
"regulations","8690388 8687191"
"reimbursement","8707272"
"related","8673356 8713305 4623933 8686983 8682330 8714545 8673492 8707272 8683194 8713888 8711664 8688686 8676629 8686311 8706548"
"relational","8716368"
"relationship","8711664 8673712"
"relationshipbuilding","8697401"
"relationships","8673712 8697401"
"release","8716368 8678007"
"relevant","8713670 8678281 8713305 8710271 8686983 8686830 8675002 8706187 8685680 8707272 8687191 8673644 8677690 8711664 8676629 8673712"
"reliability","4623933"
"religious","8690388"
"render","8697400"
"renewal","8664175"
"renewals","8664175"
"renovation","8673356"
"renowned","8714545"
"reoccurrence","8677690"
"repair","8673356 8686933 8701339 8687191"
"replication","8683194"
"report","8690388 8673644"
"reported","8677690"
"reporting","8686830 8685680 8690388 8687191 8678007 8673712"
"reports","8686983 8664175"
"representative","8697401"
"representing","8711664"
"reputation","8713670 8697401"
"req","8690388"
"requesting","8690388"
"requests","8673356 8687191"
"required","8673356 4623933 8686830 8707272 8683194 8687191 8697400 8678007 8664175"
"requirement","8682330 8712340 8706187 8678007 8711664 8688686"
"requirements","8673356 8713670 8678281 8713305 8710271 8708539 8715308 8686983 8686830 8714545 8701339 8675002 8716368 8685680 8707272 8683194 8690388 8687191 8713056 8713888 8678007 8711664 8688686 8676629 8711118 8686311 8706548"
"requisitions","8711664"
"research","8686830 8714545 8707272 8713888 8688686"
"researchers","8686830 8714545"
"reservoir","4623933"
"resistance","8687191"
"resolutions","8686311"
"resolve","8673356 4623933 8712340"
"resolving","8712340 8690388"
"resource","8716368 8690388 8676629 8673712"
"resourceful","8713056"
"resources","4623933 8690388"
"respect","8673356 8713056"
"respond","8673356"
"response","8677690"
"responsibilities","8713670 8710271 8708539 8714545 8712340 8673492 8716368 8707272 8690388 8687191 8713056 8713888 8711664 8688686 8676629 8664175 8711118"
"responsibility","8682330"
"responsible","8673356 8713670 8708539 4623933 8686830 8711664"
"responsive","8711664"
"responsiveness","4623933"
"rest","8716368 8688686"
"result","8706548"
"resultoriented","8673356"
"results","8685680 8713888 8678007 8711664"
"resume","8678281 8715308 4615248 8686983 8712340 8685680 8713056 8711118"
"retail","8673356 8686311 8706548"
"retreats","8686983"
"reuben","8713670"
"revenue","8673712"
"review","8673356 4623933 8707272 8678007 8676629 8664175"
"revise","8690388"
"revolutionize","8697401"
"revolutionized","4623933"
"reward","4623933 8690388"
"rewarding","4623933 8677690 8686311"
"rfq","8678007"
"right","8678007"
"risk","4623933"
"risks","8686983 8711664"
"robotic","8712340"
"robotics","8712340"
"role","8713670 4623933 8701339 8677690 8713888 8673712 8697401"
"roles","8713670 8678007"
"rolling","8686983"
"root","8715308"
"ros","8712340"
"rotating","8690388"
"routine","8673492"
"rules","8673356 8690388"
"run","8686933"
"runs","8686830"
"runtime","8714545"
"s","8673356 8715308 8686983 8673492 8687191 8713056 8677690 8678007 8711664 8673712 8711118 8686311 8697401"
"safe","8710271 8690388"
"safety","8673356 8710271 4623933 8715308 8714545 8690388 8687191 8711118"
"safetycritical","8714545"
"salaries","8685680"
"salary","8686983 8713056 8697401"
"sales","8673356 4623933 4615248 8673712 8706548 8697401"
"san","8697401"
"sap","4623933 8678007 8711664"
"satisfaction","8673356 8706548"
"satisfied","8697401"
"savvy","8706187"
"sc","8711664"
"scanners","8708539"
"scanning","8686983 8701339"
"scenario","4623933 8714545"
"scenic","8697401"
"schedule","8713670 4623933 8673644"
"schedulers","4623933 8711664"
"scheduling","4623933 8690388 8711664"
"school","8714545 8713888"
"science","8710271 8686983 8714545 8712340 8673492 8713888 8688686"
"scienceinformation","8716368"
"scientific","8713888"
"scope","8715308 8675002 8673644 8673712"
"scorecards","8673712"
"scrapwaste","8711664"
"screening","8707272"
"scripting","8712340"
"scrum","8688686"
"seals","8687191"
"seaport","8697401"
"search","8676629"
"secretariat","8686311"
"section","8710271"
"secure","8711664 8686311"
"secured","8673356"
"security","8701339 8712340"
"seeking","8690388"
"seen","8697401"
"selection","8715308 8673492 8676629"
"self","8682330"
"selfdriven","8701339"
"selfmotivated","8713888 8686311"
"selfstarter","8713056"
"sell","8697401"
"selling","4623933"
"selves","4623933"
"semiconductor","8690388"
"send","8713670 8678281 8711118"
"senior","8686983 8690388 8711664 8688686"
"sense","8682330"
"sensors","8715308"
"seoul","8697401"
"sequence","8673644"
"serial","8715308"
"serve","8673356 8711664"
"server","8716368 8683194 8688686"
"servers","8683194"
"service","8673356 8713305 8708539 8686830 8690388 8687191 8697400 8688686 8673712 8706548 8697401"
"serviceoriented","8673356 8706548"
"services","8673492 8683194 8713056 8673712 8711118 8706548"
"session","8678007"
"set","4623933 8686933 8673492 8686311"
"setting","8713305 8707272 8683194 8687191 8711664 8711118"
"setup","8683194 8677690"
"several","8686830"
"sexual","8690388"
"share","4615248 8690388"
"shared","8686983 8690388"
"she","8686983 8697400"
"sheet","8713670"
"shift","8686830 8685680 8690388 8677690"
"shifts","8690388"
"ship","8697401"
"shipment","8682330 8701339 8678007"
"shipments","8682330 8701339 8713056"
"shipping","8682330 8713056"
"shopper","8673356"
"shopping","8673356"
"short","8713056 8706548"
"shortlisted","8713670 8678281 8713305 8715308 8686983 8714545 8712340 8673492 8716368 8713056 8713888 8676629 8697401"
"side","8711118"
"signals","8675002"
"signatories","8686311"
"signatures","8686311"
"simple","8708539"
"simulation","8714545"
"since","8673356"
"singapore","8673356 8713305 4615248 8707272 8711664 8686311 8697401"
"singaporean","8701339 8712340"
"singaporeansinterested","4615248"
"singapores","8713670"
"singhealth","8686830"
"site","8707272 8711664"
"sites","8712340 8683194 8711664"
"situation","8678007"
"sk","8706548"
"skill","8707272"
"skills","8673356 8678281 8713305 4623933 8686983 8686830 8712340 8716368 8706187 8707272 8690388 8677690 8711664 8688686 8676629 8673712 8664175 8686311 8706548 8697401"
"skillset","8687191"
"slt","8711664"
"small","8673356 8686830"
"smaller","8673712"
"smart","8690388 8677690 8697401"
"sme","8711664"
"smooth","8710271 8682330 8673492 8713888"
"smoothly","8686933"
"so","8714545 8673712"
"soap","8688686"
"social","8686983 8690388"
"society","8686983"
"software","8708539 8715308 8673492 8716368 8683194 8688686"
"solid","8690388"
"solidworks","8715308"
"solution","4615248 8678007 8711664"
"solutions","8713305 4623933 8715308 8675002 8706187 8677690 8678007"
"solve","8686933 8678007 8711664"
"solving","4623933 8716368 8697401"
"some","8716368 8673712"
"someone","8697401"
"sometimes","8678007"
"sop","8673356 8710271 4623933 8711664"
"sops","8710271"
"sopscheduling","8711664"
"sorting","8710271 8686933 8701339"
"sound","8683194 8673712"
"source","8713670 8707272 8713888 8697401"
"sourcing","8713670 8683194 8697401"
"southeast","8673356"
"space","8714545 8678007"
"spanning","8673356"
"spare","8687191"
"speak","8706548"
"speaking","8711664 8664175"
"specialist","8673712"
"speciality","4623933"
"specifically","8714545"
"specimen","8685680 8707272"
"sphere","8716368"
"spoken","8673712 8706548"
"sprint","8688686"
"spurred","8713670"
"sql","8716368 8688686"
"srs","8685680"
"ssc","8686311"
"ssh","8712340"
"ssis","8688686"
"stack","8716368"
"staff","8673356 8710271 8686983"
"staffincharge","8711118"
"staffing","8673356"
"staffking","8712340"
"stafflink","8713056"
"staffs","8690388"
"stakeholder","8690388"
"stakeholders","8686983 8706187 8713888 8711664 8688686 8673712"
"stamina","8686933"
"standard","8713305 8710271 8706187 8697401"
"standards","8673356 4623933 8686830 8686933 8690388 8687191 8711664 8706548 8697401"
"start","8685680 8690388 8713056 8677690 8706548"
"starts","8677690"
"state","8697401"
"stating","8685680"
"station","8697401"
"status","8678281 8682330 8701339 8690388 8711118 8697401"
"stay","8716368 8673712"
"step","8713670"
"steps","8710271"
"sterile","8711664"
"steward","8673712"
"stmicroelectronics","8677690"
"stock","8673356 8710271 4623933"
"stockcount","8673356"
"stocked","8673356"
"stocks","8673356"
"stocktake","8673356"
"stockthe","8697400"
"storage","8682330 8673492 8673644"
"store","8673356 8688686"
"stores","8673356"
"storyline","8678007"
"strategic","8686983"
"strategies","8673712"
"strategy","8686983 8711664"
"streamline","8676629"
"streams","8713888"
"strength","8686933"
"strengthen","8673712"
"stress","8682330"
"strict","4623933"
"strive","8690388"
"strong","8673356 8686983 8686830 8686933 8682330 8712340 8716368 8707272 8690388 8678007 8711664 8688686 8676629 8673712 8686311 8706548 8697401"
"strongminded","8711664"
"structured","8677690"
"students","8673492"
"studies","8707272"
"study","8707272"
"studying","8677690"
"style","8690388"
"subcontractors","8713670"
"subject","8713305 8707272 8711664"
"submission","8707272 8687191"
"submit","8686983 8712340 8685680 8676629"
"submitted","8707272"
"submitting","8676629"
"subsidiaries","8673356"
"subsystems","8715308"
"succeed","8690388 8697401"
"success","8686983"
"successes","8713670"
"successful","4623933 8707272 8690388"
"such","8715308 8686983 8683194 8676629 8664175"
"suggest","8706187"
"suitable","8677690"
"suites","8711664"
"summary","8712340 8707272 8673644 8711664 8697401"
"supermarket","8686311"
"supervision","8710271"
"supervisor","8701339 8685680 8686311"
"supervisors","8707272 8690388"
"supervisory","8673356 8690388"
"supplier","8697401"
"suppliers","8713670 8697401"
"supplies","8711118"
"supply","4623933 8697400 8711664 8697401"
"support","8713670 8713305 8710271 8708539 8715308 8686983 8686830 8673492 8716368 8707272 8683194 8697400 8677690 8713888 8711664 8688686 8676629 8673712 8664175 8711118 8697401"
"supported","8678007"
"supporting","8686830 8673712"
"supports","8686983"
"sure","8678007"
"survey","8673644"
"surveying","8713670"
"surveyor","8713670"
"surveys","8686983"
"sustainable","8673492 8713888"
"swab","8685680"
"swabber","8685680"
"swabbing","8685680"
"swing","8677690"
"switch","8683194"
"symptoms","8713305"
"synergy","8677690"
"system","8673356 8715308 8701339 8673492 8675002 8685680 8678007 8711664 8688686 8697401"
"systemlevel","8712340"
"systems","8714545 8690388 8711664 8688686"
"tailored","4623933"
"take","8710271 8690388 8686311"
"taken","8673356"
"takeoff","8713670"
"taking","8701339 8707272"
"talent","4623933 8711664 8673712 8697401"
"talents","8677690"
"talks","8713305"
"tan","8713670 8713056"
"target","8673356"
"targets","8706548"
"task","8701339 8677690"
"tasked","8697401"
"tasks","8708539 8685680 8687191 8676629"
"tat","8678007"
"teaching","8713305"
"team","8673356 8713670 8713305 8710271 4623933 8715308 8686983 8682330 8714545 8701339 8712340 8706187 8690388 8713056 8677690 8713888 8678007 8711664 8688686 8673712 8664175 8686311 8706548 8697401"
"teams","8713670 8716368 8690388 8711664 8673712"
"teamsfunctions","8711664"
"teamwork","8673356"
"tech","8716368"
"technical","8710271 8712340 8673492 8675002 8716368 8690388 8687191 8711664"
"technician","8710271 8686830 8687191"
"technicians","8690388"
"techniques","8687191"
"technological","8690388"
"technologies","8714545 8712340 8673492 8716368 8690388 8677690 8688686"
"technology","4615248 8716368 8690388 8677690 8688686 8686311"
"technologyproduct","8677690"
"teh","8712340"
"temporarily","8677690"
"teoh","8676629"
"terms","8676629 8664175 8697401"
"test","8715308 8716368 8685680"
"testable","8716368"
"testbed","8714545"
"testing","8715308 8687191"
"than","8690388 8686311"
"thank","8685680"
"that","8673356 8678281 8710271 4623933 8715308 8686983 8714545 8712340 8673492 8675002 8716368 8707272 8690388 8713056 8677690 8676629 8673712 8711118 8697401"
"the","8673356 8713670 8678281 8713305 8710271 4623933 8715308 8686983 8686830 8686933 8714545 8712340 8673492 8675002 8716368 8706187 8685680 8707272 8683194 8690388 8687191 8697400 8677690 8713888 8678007 8711664 8688686 8676629 8673712 8711118 8686311 8697401"
"their","8713670 8678281 4623933 8706187 8690388 8677690"
"them","8713670 8673492 8677690"
"theoretical","8713305"
"therapeutic","8713305"
"therapist","8711118"
"therapy","8711118"
"there","8690388"
"thermo","8711664"
"these","8686983 8673492 8673712"
"they","8713670 8707272 8690388 8677690"
"think","8677690"
"thinker","8690388 8711664"
"this","4623933 8714545 8707272 8690388 8677690 8676629 8673712 8664175 8697401"
"those","4623933"
"thrive","8697401"
"through","8673356 8710271 8707272 8713056 8677690 8673712 8686311 8697401"
"throughout","4623933 8687191"
"thru","8715308"
"tight","8673356 8713888 8676629 8686311"
"time","8673356 8713670 8673492 8675002 8716368 8690388 8687191 8677690 8713888 8678007 8676629 8673712"
"timeline","8678007"
"timely","8673356 8710271 8708539 8716368 8707272 8690388 8711664 8711118"
"times","8697400"
"timing","8687191"
"to","8673356 8713670 8678281 8713305 8710271 4623933 8715308 8686983 8686830 8686933 8682330 8714545 8701339 8712340 8673492 8675002 8716368 8706187 8685680 8707272 8683194 8690388 8687191 8713056 8697400 8673644 8677690 8713888 8678007 8711664 8688686 8676629 8673712 8664175 8711118 8686311 8706548 8697401"
"todate","8673712"
"today","4623933 8690388 8686311"
"together","8677690"
"tommy","8712340"
"tomorrow","4623933"
"too","4623933"
"tool","8677690"
"tools","8673356 8686983 8686933 8712340 8716368 8687191 8697401"
"toolsets","8673492"
"top","8677690 8697401"
"total","8706548"
"touch","8673712"
"towards","8714545 8678007"
"townhall","8686983"
"track","8713305 8686983 8673712"
"tracking","8673712 8686311"
"tracs","8713305"
"tradenet","8682330"
"trader","8697401"
"train","8673356 4623933 8711664 8697401"
"trained","8673356"
"training","8713305 8686830 8714545 8690388 8687191 8677690 8713888 8688686 8697401"
"trainings","8673356 8713305"
"transactional","8676629"
"transactions","8673356 4623933"
"transfer","4623933"
"transformation","8688686 8673712"
"translate","8686983"
"translating","8715308"
"translational","8686830 8713888"
"transparency","8690388 8711664"
"transport","8682330 8712340 8707272"
"transportation","8682330 8713056"
"transshipment","8682330 8713056"
"trauma","8713305"
"travel","8673356 8683194"
"treasury","8686311"
"trend","4623933"
"trends","8686983 8716368 8677690"
"trigger","8688686"
"troubleshoot","8712340 8675002 8716368"
"troubleshooting","8708539 8715308 8683194 8690388 8688686"
"trucking","8678007"
"truly","8690388 8697401"
"trust","8690388 8677690"
"ttsh","8707272"
"tuning","8688686"
"turn","8686311"
"two","8714545"
"types","8711664"
"typing","8710271"
"ubi","8686933"
"ubuntu","8712340 8716368"
"uncapped","8697401"
"under","8713888 8711664 8676629"
"understand","8715308 8714545 8706187 8690388 8687191 8678007"
"understanding","8716368 8683194 8711664"
"undertake","8685680"
"underwriting","8664175"
"uninstall","8708539"
"unique","8697401"
"unit","8687191"
"units","4623933 8678007 8676629"
"unixlinux","8673492"
"unparalleled","8697401"
"unsupervised","8673712"
"unusual","8711118"
"up","8678281 8686933 8712340 8673492 8716368 8707272 8683194 8713056 8711664 8676629 8686311"
"update","8678281 4623933 8701339 8675002 8673644 8676629"
"updated","8678281 8712340 8713056"
"updates","8716368"
"updating","8683194"
"urgent","8676629"
"us","8678281 4623933 8690388 8677690 8676629 8711118 8686311 8697401"
"use","8713888 8676629 8711118"
"useful","8673712"
"user","8715308"
"users","8688686"
"using","8714545 8712340 8716368 8683194 8687191 8677690 8688686"
"utilise","8713888"
"v10","8716368"
"v5","8716368"
"valuable","8690388"
"value","4623933 8690388 8673712 8697401"
"values","8687191 8713888"
"variances","8673356"
"various","8686983 8687191 8697401"
"vb","8713056"
"vb6","8688686"
"vehicle","8714545"
"vendor","8676629"
"vendors","8715308 8697401"
"verbal","4623933"
"verification","8714545"
"very","8686983 8690388"
"veterinary","8686830"
"via","8686983"
"viable","8706187"
"videoconferencing","8683194"
"view","8711664"
"vision","8686983 8714545 8690388"
"visit","8673356 8707272 8676629"
"visits","8673356 8707272"
"visual","8673356"
"vitae","8676629"
"vital","8673712"
"vo","8713670"
"voicemail","8697401"
"volume","8673356"
"voluntary","4623933"
"vpn","8712340"
"vs","4623933"
"walkin","8706548"
"walking","8697401"
"want","4623933"
"warehouse","8682330 8701339 8713056 8678007 8711664"
"warehousing","8678007"
"was","8673712"
"waste","8713888"
"wastewater","8713888"
"watch","8687191"
"watches","8706548"
"watchmaking","8687191"
"water","8687191"
"way","4623933"
"we","8678281 4623933 8715308 4615248 8686983 8714545 8712340 8673492 8716368 8707272 8690388 8713056 8677690 8713888 8688686 8676629 8673712 8711118 8686311 8697401"
"wealth","8673712"
"web","8707272 8688686"
"webpage","8707272"
"website","8707272 8683194"
"week","8712340"
"weekends","8673356 8686830"
"weekly","4623933 8678007"
"welcome","8686311"
"welcomed","8713056"
"well","8673356 8713305 4623933 8686983 8686933 8716368 8706187 8690388 8673712 8706548"
"wellbeing","4623933"
"wellgroomed","8673356"
"wellorganised","8686311"
"wellrespected","8673712"
"weve","8690388"
"what","4623933 8690388 8673712 8697401"
"whatsapp","8713670"
"when","8673356 4623933 8714545 8683194"
"whenever","8673712"
"where","8697401"
"which","8673356 4623933 8675002 8677690 8673712 8711118"
"while","8690388 8687191 8711664 8688686 8697401"
"who","8678281 8713305 4623933 8690388 8673712 8711118 8697401"
"whole","4623933"
"wide","8690388"
"will","8713670 8678281 8713305 4623933 8715308 8686983 8686830 8714545 8712340 8673492 8716368 8685680 8707272 8690388 8687191 8713056 8677690 8713888 8711664 8688686 8676629 8673712 8686311 8706548 8697401"
"willingness","8712340 8716368"
"window","8688686"
"windows","8708539"
"wish","8678281 8676629 8711118"
"with","8673356 8713670 8678281 8713305 4623933 8715308 8686983 8686830 8686933 8682330 8714545 8701339 8712340 8673492 8675002 8716368 8706187 8685680 8707272 8690388 8687191 8713056 8697400 8673644 8677690 8713888 8678007 8711664 8688686 8676629 8673712 8711118 8686311 8706548 8697401"
"withdraw","8676629"
"within","8710271 4623933 8713888 8678007 8688686 8673712 8706548"
"without","8673492"
"wonderful","8686311"
"word","8686983 8712340 8711664 8673712"
"work","8673356 8713305 8710271 4623933 8715308 4615248 8686983 8686830 8714545 8701339 8712340 8675002 8716368 8706187 8685680 8707272 8683194 8690388 8713056 8677690 8713888 8678007 8711664 8676629 8673712 8686311 8706548"
"workaround","8678007"
"workflow","8710271 8707272"
"workforce","4623933 8690388"
"working","8713305 4623933 8715308 8686983 8686933 8682330 8712340 8706187 8683194 8690388 8713056 8678007 8688686 8673712 8664175 8686311 8697401"
"worklife","4623933"
"workmanship","8690388"
"workplace","8673356 8690388 8686311"
"workpress","8683194"
"works","4623933 8690388"
"workshop","8687191"
"workshops","8673356 8713305"
"world","8677690 8673712 8697401"
"worldwide","8697401"
"would","8715308 8686983 8677690 8713888 8711118"
"writing","8716368 8713888 8711664"
"written","8713305 4623933 8707272 8713888 8673712"
"wsq","8711118"
"wwwpersolkellycomsg","8676629"
"wwwttshhrcom","8707272"
"year","8701339 8713056 8677690 8664175"
"years","8673356 8678281 8713305 4623933 8715308 4615248 8686983 8686830 8712340 8675002 8716368 8683194 8690388 8678007 8711664 8688686 8676629 8673712 8686311 8697401"
"yee","8676629"
"you","8713670 8678281 8713305 4623933 8715308 8686830 8712340 8685680 8707272 8690388 8677690 8688686 8676629 8673712 8686311 8697401"
"your","8713670 8678281 4623933 8715308 8712340 8685680 8687191 8713056 8676629 8673712 8711118 8686311"
"zi","8677690"
"zone","8690388"
